description,demographic,granular_audience,target_month,figures.impacts,figures.impacts_pedestrian,figures.impacts_vehicular,figures.gross_rating_points,figures.reach,figures.reach_pedestrian,figures.reach_vehicular,figures.average_frequency,figures.rag_status,metrics.total_frames,metrics.total_dynamic_frames,metrics.total_contacts,metrics.total_actual_contacts,metrics.total_respondents,metrics.total_actual_respondents,environment,campaign_name,warnings.code_104
total,Adults 15-34 (16),All Adults (1),3,1041.37687949,651.552313385,389.824566105,6.3575151807,688.8306771764,510.0212740835,198.568430753,1.5118038641,green,95,95,201313,96141,5814,2380,,{R51_AllEnviroDigital}_Schd1_W100,
grouping,Adults 15-34 (16),All Adults (1),3,525.3246905495,159.9831967481,365.3414938014,3.2070614978,412.4138025654,174.7439390441,250.3869012325,1.273780575,green,59,59,101441,37611,5665,2074,1,{R51_AllEnviroDigital}_Schd1_W100,
grouping,Adults 15-34 (16),All Adults (1),3,25.0555731855,9.0307880355,16.02478515,0.1529620928,14.8126853631,8.3522764886,6.7833856678,1.691494322,green,7,7,16150,7456,2500,44,18,{R51_AllEnviroDigital}_Schd1_W100,
grouping,Adults 15-34 (16),All Adults (1),3,25.1216802216,16.6633930679,8.4582871537,0.1533656705,8.3715229604,5.6357381162,2.9023892113,3.000849468,green,5,5,11746,7944,1611,23,20,{R51_AllEnviroDigital}_Schd1_W100,
grouping,Adults 15-34 (16),All Adults (1),3,291.7603203001,291.7603203001,0,1.781171353,98.4403150203,98.4403150203,0,2.9638296082,green,6,6,39112,31206,956,155,7,{R51_AllEnviroDigital}_Schd1_W100,
grouping,Adults 15-34 (16),All Adults (1),3,17.5548953387,17.5548953387,0,0.1071711076,17.2891740404,17.2891740404,0,1.0153692303,green,5,5,3304,2274,897,321,11,{R51_AllEnviroDigital}_Schd1_W100,
grouping,Adults 15-34 (16),All Adults (1),3,156.5597198946,156.5597198946,0,0.9557834589,149.9561667933,149.9561667933,0,1.0440365558,green,13,13,29560,9650,2048,622,12,{R51_AllEnviroDigital}_Schd1_W100,
total,Adults 15-34 (16),All Adults (1),3,15618.1996623111,11466.7397503705,4151.4599119406,95.3477491227,4772.2370237808,3978.667119427,1262.1016466724,3.2727208612,green,969,969,2302546,1183008,5912,4543,,{R51_AllEnviroDigital}_Schd1_W1000,
grouping,Adults 15-34 (16),All Adults (1),3,5761.5505214133,1804.5553348237,3956.9951865897,35.1737642975,3253.4981454634,1441.8330175068,2182.3200631335,1.7708786862,green,568,568,971689,338732,5912,4373,1,{R51_AllEnviroDigital}_Schd1_W1000,
grouping,Adults 15-34 (16),All Adults (1),3,120.8843986705,55.9099123254,64.9744863452,0.737988729,69.019498812,43.1318684695,32.1708396198,1.7514528612,green,39,39,75870,37088,5257,148,18,{R51_AllEnviroDigital}_Schd1_W1000,
grouping,Adults 15-34 (16),All Adults (1),3,111.5019056474,111.5019056474,0,0.6807094259,81.4779234179,81.4779234179,0,1.3684922365,green,4,4,38078,35634,1068,224,19,{R51_AllEnviroDigital}_Schd1_W1000,
grouping,Adults 15-34 (16),All Adults (1),3,388.6416148143,259.15137581,129.4902390044,2.3726232209,135.2140174185,94.3937929974,54.2603290374,2.8742701551,green,64,64,237156,154824,5687,207,20,{R51_AllEnviroDigital}_Schd1_W1000,
grouping,Adults 15-34 (16),All Adults (1),3,4315.0665841375,4315.0665841375,0,26.3431058001,783.0269377055,783.0269377055,0,5.510751133,green,101,101,553440,477090,4190,863,7,{R51_AllEnviroDigital}_Schd1_W1000,
grouping,Adults 15-34 (16),All Adults (1),3,2417.3649437164,2417.3649437164,0,14.7578025109,762.173832582,762.173832582,0,3.1716713962,green,67,67,137210,43897,4247,979,11,{R51_AllEnviroDigital}_Schd1_W1000,
grouping,Adults 15-34 (16),All Adults (1),3,2503.189693917,2503.189693917,0,15.2817551384,806.714771134,806.714771134,0,3.10294268,green,126,126,289103,95743,3456,782,12,{R51_AllEnviroDigital}_Schd1_W1000,
total,Adults 15-34 (16),All Adults (1),3,29167.7167942315,22155.4091602132,7012.3076340183,178.0663715094,6472.4666012027,5504.4341789608,1882.4021755158,4.5064298654,green,1916,1916,4322233,2129479,5912,4924,,{R51_AllEnviroDigital}_Schd1_W2000,
grouping,Adults 15-34 (16),All Adults (1),3,10719.5281068774,4089.9926725236,6629.5354343538,65.441785785,4899.4918219231,2570.8018529938,3149.6862486112,2.1878857025,green,1171,1171,2010747,713936,5912,4787,1,{R51_AllEnviroDigital}_Schd1_W2000,
grouping,Adults 15-34 (16),All Adults (1),3,228.7394937458,101.9974540123,126.7420397335,1.3964346939,132.8958663548,79.4699772268,66.0995124756,1.7211934428,green,77,77,143526,80124,5704,234,18,{R51_AllEnviroDigital}_Schd1_W2000,
grouping,Adults 15-34 (16),All Adults (1),3,307.2874294161,307.2874294161,0,1.8759630023,192.4634646883,192.4634646883,0,1.5966013597,green,10,10,95066,89293,1963,265,19,{R51_AllEnviroDigital}_Schd1_W2000,
grouping,Adults 15-34 (16),All Adults (1),3,619.0088624617,362.9787025288,256.0301599328,3.7789952106,213.1147676146,134.5880361953,97.7475801315,2.9045798627,green,117,117,315444,181774,5895,368,20,{R51_AllEnviroDigital}_Schd1_W2000,
grouping,Adults 15-34 (16),All Adults (1),3,6958.915127453,6958.915127453,0,42.4835709675,981.6423381952,981.6423381952,0,7.0890535755,green,151,151,905892,775583,4468,875,7,{R51_AllEnviroDigital}_Schd1_W2000,
grouping,Adults 15-34 (16),All Adults (1),3,3645.0741748481,3645.0741748481,0,22.2528604751,1124.5836963347,1124.5836963347,0,3.241265356,green,142,142,249722,87610,5027,1070,11,{R51_AllEnviroDigital}_Schd1_W2000,
grouping,Adults 15-34 (16),All Adults (1),3,6689.163599422,6689.163599422,0,40.8367613751,1063.3288930983,1063.3288930983,0,6.2907757354,green,248,248,601836,201159,3816,809,12,{R51_AllEnviroDigital}_Schd1_W2000,
total,Adults 15-34 (16),All Adults (1),3,6062.7915812779,4216.4592166323,1846.3323646456,37.0128147401,2852.9635521746,2186.0182253294,856.0438530685,2.1250855366,green,487,487,1118701,611617,5912,4018,,{R51_AllEnviroDigital}_Schd1_W500,
grouping,Adults 15-34 (16),All Adults (1),3,2891.0802154141,1161.005225676,1730.0749897381,17.649793,1940.5556843694,927.6693674855,1160.6795781815,1.4898207965,green,302,302,532475,185138,5912,3827,1,{R51_AllEnviroDigital}_Schd1_W500,
grouping,Adults 15-34 (16),All Adults (1),3,64.618790937,22.2047863681,42.4140045689,0.3944920926,40.0313206243,20.4034783061,21.2213859328,1.6142058251,green,22,22,36348,20599,4490,103,18,{R51_AllEnviroDigital}_Schd1_W500,
grouping,Adults 15-34 (16),All Adults (1),3,241.1120562232,241.1120562232,0,1.4719681106,131.8729996591,131.8729996591,0,1.8283656006,green,4,4,75137,72531,1151,197,19,{R51_AllEnviroDigital}_Schd1_W500,
grouping,Adults 15-34 (16),All Adults (1),3,217.5018235419,143.6584532032,73.8433703387,1.3278296957,63.1415420671,43.8380358453,24.5497839052,3.4446707575,green,32,32,110777,80149,5042,119,20,{R51_AllEnviroDigital}_Schd1_W500,
grouping,Adults 15-34 (16),All Adults (1),3,1645.2356106163,1645.2356106163,0,10.0440201586,408.9568831243,408.9568831243,0,4.0230050612,green,42,42,229591,201263,3134,580,7,{R51_AllEnviroDigital}_Schd1_W500,
grouping,Adults 15-34 (16),All Adults (1),3,269.6972270865,269.6972270865,0,1.6464780899,246.8955079882,246.8955079882,0,1.092353722,green,31,31,29110,13458,3308,773,11,{R51_AllEnviroDigital}_Schd1_W500,
grouping,Adults 15-34 (16),All Adults (1),3,733.5458574589,733.5458574589,0,4.4782335928,386.9870162029,386.9870162029,0,1.8955309267,green,54,54,105263,38479,2778,748,12,{R51_AllEnviroDigital}_Schd1_W500,
total,Adults 15-34 (16),All Adults (1),3,72752.3410614628,53743.7748182202,19008.5662432426,444.1467079176,9145.5720437825,7782.770135534,3596.4635689668,7.9549251499,green,4824,4824,10808457,5429187,5912,5261,,{R51_AllEnviroDigital}_Schd1_W5000,
grouping,Adults 15-34 (16),All Adults (1),3,28079.1400790839,10082.3555764172,17996.7845026667,171.4207054416,7806.8775469669,4342.8186428065,5639.843408258,3.5967183948,green,2891,2891,4911549,1734332,5912,5155,1,{R51_AllEnviroDigital}_Schd1_W5000,
grouping,Adults 15-34 (16),All Adults (1),3,672.2202006427,291.0666100509,381.1535905918,4.1038457973,254.2779843157,139.1825200718,145.4166566391,2.6436429503,green,211,211,396860,210646,5905,295,18,{R51_AllEnviroDigital}_Schd1_W5000,
grouping,Adults 15-34 (16),All Adults (1),3,583.1139095677,583.1139095677,0,3.5598596485,290.1489389369,290.1489389369,0,2.0097054696,green,19,19,191243,180084,2866,395,19,{R51_AllEnviroDigital}_Schd1_W5000,
grouping,Adults 15-34 (16),All Adults (1),3,1579.0134448417,948.385294857,630.6281499846,9.6397396022,565.3726054616,355.5022553797,276.2575615367,2.7928722219,green,299,299,816861,469690,5912,807,20,{R51_AllEnviroDigital}_Schd1_W5000,
grouping,Adults 15-34 (16),All Adults (1),3,19255.0164520192,19255.0164520192,0,117.5501989804,1468.2088689454,1468.2088689454,0,13.1146302541,green,451,451,2540472,2168763,5245,1036,7,{R51_AllEnviroDigital}_Schd1_W5000,
grouping,Adults 15-34 (16),All Adults (1),3,10258.2303997009,10258.2303997009,0,62.6256034461,1470.6297088236,1470.6297088236,0,6.9753999516,green,368,368,646579,223747,5599,1145,11,{R51_AllEnviroDigital}_Schd1_W5000,
grouping,Adults 15-34 (16),All Adults (1),3,12325.6065755716,12325.6065755716,0,75.2467550014,1209.6943820087,1209.6943820087,0,10.1890252273,green,585,585,1304893,441925,4510,822,12,{R51_AllEnviroDigital}_Schd1_W5000,
total,Adults 15-34 (16),All Adults (1),3,486.0642247839,297.5191910656,188.5450337183,2.9673797726,377.7867362375,279.8976211331,101.8842812517,1.2866100849,green,100,0,72713,14459,5260,1344,,{R51_AllEnviroStatic}_Schd1_W100,
grouping,Adults 15-34 (16),All Adults (1),3,3.9386892786,3.9386892786,0,0.0240453551,3.2355671329,3.2355671329,0,1.2173103252,green,3,0,1724,243,886,70,17,{R51_AllEnviroStatic}_Schd1_W100,
grouping,Adults 15-34 (16),All Adults (1),3,185.2419332468,45.9506386016,139.2912946452,1.1308858742,109.7857936917,28.6944419724,83.2718355696,1.6873033115,green,12,0,15579,4792,3143,546,1,{R51_AllEnviroStatic}_Schd1_W100,
grouping,Adults 15-34 (16),All Adults (1),3,55.4911926751,23.0198146398,32.4713780354,0.3387688999,55.397305274,24.1696047589,67.6105293221,1.0016948009,green,17,0,16026,216,3366,157,3,{R51_AllEnviroStatic}_Schd1_W100,Reach based figures are using Poisson adjustment.
grouping,Adults 15-34 (16),All Adults (1),3,17.1373393749,0.3549783371,16.7823610378,0.1046219648,0.4856845581,0.003876983,0.48181012,35.2849171086,green,1,0,645,0,392,0,20,{R51_AllEnviroStatic}_Schd1_W100,
grouping,Adults 15-34 (16),All Adults (1),3,42.3216257398,42.3216257398,0,0.2583698404,26.7453284363,26.7453284363,0,1.5823931959,green,4,0,3520,2039,826,267,11,{R51_AllEnviroStatic}_Schd1_W100,
grouping,Adults 15-34 (16),All Adults (1),3,154.0876718309,154.0876718309,0,0.9406918207,108.6922077012,108.6922077012,0,1.417651505,green,9,0,11113,5622,1520,575,12,{R51_AllEnviroStatic}_Schd1_W100,
grouping,Adults 15-34 (16),All Adults (1),3,4.5727662881,4.5727662881,0,0.0279163401,4.572128073,10.2431641322,0,1.0001395882,green,25,0,8409,696,2814,212,13,{R51_AllEnviroStatic}_Schd1_W100,Reach based figures are using Poisson adjustment.
grouping,Adults 15-34 (16),All Adults (1),3,23.2730063498,23.2730063498,0,0.1420796775,16.7025972893,16.7025972893,0,1.3933764879,green,29,0,15697,851,2606,380,14,{R51_AllEnviroStatic}_Schd1_W100,
total,Adults 15-34 (16),All Adults (1),3,7077.0986041295,4239.6931448602,2837.4054592692,43.2050708028,3529.6933789404,2281.849848118,1644.6461919254,2.0050179561,green,1000,0,922291,246619,5912,3955,,{R51_AllEnviroStatic}_Schd1_W1000,
grouping,Adults 15-34 (16),All Adults (1),3,2560.3057634307,451.1752649684,2109.1304984622,15.6304437699,1431.694920626,336.573262209,1176.8190693838,1.7883040071,green,198,0,265659,77763,5908,3305,1,{R51_AllEnviroStatic}_Schd1_W1000,
grouping,Adults 15-34 (16),All Adults (1),3,24.922297179,24.922297179,0,0.1521484544,24.9033473459,28.1080301747,0,1.0007609352,green,16,0,8873,1279,1757,116,17,{R51_AllEnviroStatic}_Schd1_W1000,Reach based figures are using Poisson adjustment.
grouping,Adults 15-34 (16),All Adults (1),3,120.1133307784,46.9926139304,73.1207168481,0.7332814266,81.1076133724,49.2546215917,32.3229816413,1.4809131447,green,22,0,25230,7875,3233,984,2,{R51_AllEnviroStatic}_Schd1_W1000,
grouping,Adults 15-34 (16),All Adults (1),3,22.8814464931,11.2536402877,11.6278062054,0.1396892386,8.0965231924,3.3595339607,5.8152516488,2.8260829926,green,2,0,2951,1725,753,15,18,{R51_AllEnviroStatic}_Schd1_W1000,
grouping,Adults 15-34 (16),All Adults (1),3,1021.041549437,397.3059286731,623.7356207639,6.2333697612,989.8699328571,400.3698701879,1042.3018152807,1.0314906187,green,215,0,199522,3159,5911,1560,3,{R51_AllEnviroStatic}_Schd1_W1000,Reach based figures are using Poisson adjustment.
grouping,Adults 15-34 (16),All Adults (1),3,83.9949135247,64.2040965351,19.7908169896,0.512781634,7.1233661629,4.8621922047,2.9923351988,11.791463699,green,2,0,9272,6638,698,9,20,{R51_AllEnviroStatic}_Schd1_W1000,
grouping,Adults 15-34 (16),All Adults (1),3,781.1923934476,781.1923934476,0,4.7691115466,83.3736158516,83.3736158516,0,9.3697794616,green,4,0,93503,83344,664,129,7,{R51_AllEnviroStatic}_Schd1_W1000,
grouping,Adults 15-34 (16),All Adults (1),3,281.0645016674,281.0645016674,0,1.7158743115,115.7561239516,115.7561239516,0,2.4280745767,green,20,0,14747,6853,2641,653,11,{R51_AllEnviroStatic}_Schd1_W1000,
grouping,Adults 15-34 (16),All Adults (1),3,1900.4358885506,1900.4358885506,0,11.6019956361,702.0084967351,702.0084967351,0,2.7071408642,green,70,0,94541,43215,3166,781,12,{R51_AllEnviroStatic}_Schd1_W1000,
grouping,Adults 15-34 (16),All Adults (1),3,28.2862243746,28.2862243746,0,0.172684937,28.2618154025,55.6557360141,0,1.0008636732,green,178,0,60686,5076,4607,557,13,{R51_AllEnviroStatic}_Schd1_W1000,Reach based figures are using Poisson adjustment.
grouping,Adults 15-34 (16),All Adults (1),3,252.8602952465,252.8602952465,0,1.5436900869,191.8544280069,191.8544280069,0,1.3179799803,green,273,0,147307,9692,4769,766,14,{R51_AllEnviroStatic}_Schd1_W1000,
total,Adults 15-34 (16),All Adults (1),3,13779.2842404726,8430.6142992946,5348.669941178,84.1213305795,5219.567619279,3510.5192880403,2659.5106961427,2.639928294,green,1999,0,1697861,360882,5912,4519,,{R51_AllEnviroStatic}_Schd1_W2000,
grouping,Adults 15-34 (16),All Adults (1),3,5251.3049858147,1241.5285062078,4009.776479607,32.0587597278,2685.424700794,827.3352770522,2092.5177470922,1.9554839815,green,400,0,559392,167444,5912,4114,1,{R51_AllEnviroStatic}_Schd1_W2000,
grouping,Adults 15-34 (16),All Adults (1),3,70.5241742295,70.5241742295,0,0.4305439434,55.4843903147,55.4843903147,0,1.2710633356,green,41,0,22555,3238,2395,121,17,{R51_AllEnviroStatic}_Schd1_W2000,
grouping,Adults 15-34 (16),All Adults (1),3,209.7857682644,76.0847939658,133.7009742986,1.28072385,119.2143944061,65.1079320362,56.7717178697,1.7597352175,green,36,0,38337,11113,3903,1170,2,{R51_AllEnviroStatic}_Schd1_W2000,
grouping,Adults 15-34 (16),All Adults (1),3,62.2229079225,14.3140971525,47.9088107701,0.3798654354,22.4702876486,12.8739208393,12.1999497297,2.769119332,green,5,0,13167,4618,1828,40,18,{R51_AllEnviroStatic}_Schd1_W2000,
grouping,Adults 15-34 (16),All Adults (1),3,1879.332641686,740.8853080235,1138.4473336626,11.4731621513,1775.5306531952,690.8715277784,1682.7139396004,1.0584625156,green,384,0,356841,5764,5912,2248,3,{R51_AllEnviroStatic}_Schd1_W2000,Reach based figures are using Poisson adjustment.
grouping,Adults 15-34 (16),All Adults (1),3,108.1063522133,89.270009374,18.8363428393,0.6599798679,7.4801504143,5.7714109349,2.7152186627,14.4524302622,green,2,0,18034,16352,831,6,20,{R51_AllEnviroStatic}_Schd1_W2000,
grouping,Adults 15-34 (16),All Adults (1),3,13.4267131144,13.4267131144,0,0.0819689146,4.4975455735,4.4975455735,0,2.9853423151,green,1,0,2149,1908,182,25,7,{R51_AllEnviroStatic}_Schd1_W2000,
grouping,Adults 15-34 (16),All Adults (1),3,916.080306921,916.080306921,0,5.5925905142,402.6410848685,402.6410848685,0,2.2751784191,green,59,0,56016,20879,4474,891,11,{R51_AllEnviroStatic}_Schd1_W2000,
grouping,Adults 15-34 (16),All Adults (1),3,4709.8261596507,4709.8261596507,0,28.7530786385,1050.2329581517,1050.2329581517,0,4.4845537584,green,151,0,211458,99106,3547,807,12,{R51_AllEnviroStatic}_Schd1_W2000,
grouping,Adults 15-34 (16),All Adults (1),3,67.452714948,67.452714948,0,0.4117929519,67.3140226254,120.9892901143,0,1.0020603779,green,396,0,136555,11534,5119,645,13,{R51_AllEnviroStatic}_Schd1_W2000,Reach based figures are using Poisson adjustment.
grouping,Adults 15-34 (16),All Adults (1),3,491.2215157072,491.2215157072,0,2.9988645847,360.3026324497,360.3026324497,0,1.3633581092,green,524,0,283357,18926,5326,789,14,{R51_AllEnviroStatic}_Schd1_W2000,
total,Adults 15-34 (16),All Adults (1),3,3941.2539708888,2666.1805367723,1275.0734341165,24.0610123427,2129.1601618629,1499.8144697956,759.5722576403,1.8510838412,green,500,0,459378,118322,5912,3145,,{R51_AllEnviroStatic}_Schd1_W500,
grouping,Adults 15-34 (16),All Adults (1),3,1234.2389905257,341.8510488215,892.3879417042,7.5349215768,719.1543483034,223.8794781633,524.3092853076,1.7162365679,green,93,0,134814,42052,5880,2497,1,{R51_AllEnviroStatic}_Schd1_W500,
grouping,Adults 15-34 (16),All Adults (1),3,10.3188137498,10.3188137498,0,0.0629954595,10.3155642401,14.2782770169,0,1.0003150104,green,7,0,3847,576,1336,100,17,{R51_AllEnviroStatic}_Schd1_W500,Reach based figures are using Poisson adjustment.
grouping,Adults 15-34 (16),All Adults (1),3,79.3135132393,28.8831818719,50.4303313674,0.4842020928,51.1581828678,28.8913762481,22.6381717077,1.5503582964,green,13,0,14049,4138,2761,732,2,{R51_AllEnviroStatic}_Schd1_W500,
grouping,Adults 15-34 (16),All Adults (1),3,534.5357334642,202.2805724193,332.2551610449,3.2632941129,525.9080999118,198.9820795325,547.9707354852,1.0164052114,green,112,0,104398,1624,5904,1025,3,{R51_AllEnviroStatic}_Schd1_W500,Reach based figures are using Poisson adjustment.
grouping,Adults 15-34 (16),All Adults (1),3,444.8952346301,444.8952346301,0,2.7160466721,44.847559955,44.847559955,0,9.9201658926,green,1,0,34425,31970,218,48,7,{R51_AllEnviroStatic}_Schd1_W500,
grouping,Adults 15-34 (16),All Adults (1),3,101.8436373242,101.8436373242,0,0.6217465387,67.6977612118,67.6977612118,0,1.5043870802,green,11,0,7985,3172,2037,368,11,{R51_AllEnviroStatic}_Schd1_W500,
grouping,Adults 15-34 (16),All Adults (1),3,1402.078313699,1402.078313699,0,8.5595660316,539.4672293585,539.4672293585,0,2.5990055325,green,44,0,59013,27698,2503,730,12,{R51_AllEnviroStatic}_Schd1_W500,
grouping,Adults 15-34 (16),All Adults (1),3,15.3079093607,15.3079093607,0,0.0934534538,15.3007587034,31.590281354,0,1.00046734,green,89,0,29881,2512,4239,484,13,{R51_AllEnviroStatic}_Schd1_W500,Reach based figures are using Poisson adjustment.
grouping,Adults 15-34 (16),All Adults (1),3,118.721824896,118.721824896,0,0.7247864043,96.704799145,96.704799145,0,1.2276725245,green,130,0,70966,4580,4058,679,14,{R51_AllEnviroStatic}_Schd1_W500,
total,Adults 15-34 (16),All Adults (1),3,32660.7852475464,19238.2446054237,13422.5406421228,199.3912502891,8439.8487703829,5408.4434015638,5477.0183333579,3.8698306257,green,4999,0,4164450,861422,5912,5217,,{R51_AllEnviroStatic}_Schd1_W5000,
grouping,Adults 15-34 (16),All Adults (1),3,13419.2396704851,3273.6222468015,10145.6174236836,81.9232898275,5473.9790289942,1968.3258935542,4379.0988452672,2.4514598246,green,1006,0,1398423,429551,5912,4937,1,{R51_AllEnviroStatic}_Schd1_W5000,
grouping,Adults 15-34 (16),All Adults (1),3,119.717501556,119.717501556,0,0.7308649237,70.163410961,70.163410961,0,1.7062668407,green,71,0,39358,5724,2822,121,17,{R51_AllEnviroStatic}_Schd1_W5000,
grouping,Adults 15-34 (16),All Adults (1),3,534.7989870858,198.3449799063,336.4540071795,3.2649012533,287.6005502193,163.6732977658,132.8251883633,1.8595200415,green,88,0,94785,28592,4742,1581,2,{R51_AllEnviroStatic}_Schd1_W5000,
grouping,Adults 15-34 (16),All Adults (1),3,69.9740054151,39.692345047,30.281660368,0.4271852107,11.5369445596,5.5853937869,6.7108187766,6.0652112051,green,7,0,7373,1502,2248,14,18,{R51_AllEnviroStatic}_Schd1_W5000,
grouping,Adults 15-34 (16),All Adults (1),3,4644.5507754459,1779.7309625728,2864.8198128731,28.3545781012,4044.1421425333,1430.5611859671,3333.0093802506,1.1484637809,green,1010,0,933542,13839,5912,3478,3,{R51_AllEnviroStatic}_Schd1_W5000,Reach based figures are using Poisson adjustment.
grouping,Adults 15-34 (16),All Adults (1),3,10.0077161145,10.0077161145,0,0.0610962355,4.7654102951,4.7654102951,0,2.1000743892,green,1,0,885,508,277,11,19,{R51_AllEnviroStatic}_Schd1_W5000,
grouping,Adults 15-34 (16),All Adults (1),3,89.8965978891,44.5288598703,45.3677380188,0.5488109032,10.1099774541,5.5926475134,5.1646098181,8.8918692744,green,5,0,9024,4615,1543,16,20,{R51_AllEnviroStatic}_Schd1_W5000,
grouping,Adults 15-34 (16),All Adults (1),3,263.939994817,263.939994817,0,1.6113306881,92.3176984031,92.3176984031,0,2.8590400257,green,8,0,27674,23979,995,211,7,{R51_AllEnviroStatic}_Schd1_W5000,
grouping,Adults 15-34 (16),All Adults (1),3,1490.8774662695,1490.8774662695,0,9.1016771267,690.998142872,690.998142872,0,2.1575708729,green,122,0,100419,47422,5082,1016,11,{R51_AllEnviroStatic}_Schd1_W5000,
grouping,Adults 15-34 (16),All Adults (1),3,10606.9229137392,10606.9229137392,0,64.754340885,1271.0123248652,1271.0123248652,0,8.3452557511,green,356,0,485679,230069,4270,827,12,{R51_AllEnviroStatic}_Schd1_W5000,
grouping,Adults 15-34 (16),All Adults (1),3,162.2132095402,162.2132095402,0,0.990297521,161.4126576384,266.7408037325,0,1.00495966,green,964,0,329861,27682,5651,691,13,{R51_AllEnviroStatic}_Schd1_W5000,Reach based figures are using Poisson adjustment.
grouping,Adults 15-34 (16),All Adults (1),3,1248.6464091899,1248.6464091899,0,7.6228776133,653.6090270982,653.6090270982,0,1.9103873377,green,1361,0,737427,47939,5730,798,14,{R51_AllEnviroStatic}_Schd1_W5000,
total,Adults 15-34 (16),All Adults (1),3,490.8904694944,192.9174919939,297.9729775005,2.9968435763,483.6077912222,179.055687908,516.7458260624,1.015059059,green,100,0,91710,1334,5896,917,,{R51_BusStatic}_Schd1_W100,Reach based figures are using Poisson adjustment.
grouping,Adults 15-34 (16),All Adults (1),3,490.8904694944,192.9174919939,297.9729775005,2.9968435763,483.6077912222,179.055687908,516.7458260624,1.015059059,green,100,0,91710,1334,5896,917,3,{R51_BusStatic}_Schd1_W100,Reach based figures are using Poisson adjustment.
total,Adults 15-34 (16),All Adults (1),3,4809.3312575065,1899.4513571924,2909.8799003141,29.3605485974,4167.6176429796,1555.0161787516,3431.5248473518,1.1539761249,green,1000,0,926080,14669,5912,3527,,{R51_BusStatic}_Schd1_W1000,Reach based figures are using Poisson adjustment.
grouping,Adults 15-34 (16),All Adults (1),3,4809.3312575065,1899.4513571924,2909.8799003141,29.3605485974,4167.6176429796,1555.0161787516,3431.5248473518,1.1539761249,green,1000,0,926080,14669,5912,3527,3,{R51_BusStatic}_Schd1_W1000,Reach based figures are using Poisson adjustment.
total,Adults 15-34 (16),All Adults (1),3,9433.3052620051,3638.5356856927,5794.7695763124,57.5895073034,6137.0423665344,2449.914228687,5051.8573902242,1.5371093596,green,2000,0,1853262,28381,5912,4262,,{R51_BusStatic}_Schd1_W2000,
grouping,Adults 15-34 (16),All Adults (1),3,9433.3052620051,3638.5356856927,5794.7695763124,57.5895073034,6137.0423665344,2449.914228687,5051.8573902242,1.5371093596,green,2000,0,1853262,28381,5912,4262,3,{R51_BusStatic}_Schd1_W2000,
total,Adults 15-34 (16),All Adults (1),3,2302.2480663478,905.9015670818,1396.346499266,14.0550239973,2147.7781926085,841.7843323478,2059.8602252575,1.0719207757,green,500,0,462564,7068,5912,2598,,{R51_BusStatic}_Schd1_W500,Reach based figures are using Poisson adjustment.
grouping,Adults 15-34 (16),All Adults (1),3,2302.2480663478,905.9015670818,1396.346499266,14.0550239973,2147.7781926085,841.7843323478,2059.8602252575,1.0719207757,green,500,0,462564,7068,5912,2598,3,{R51_BusStatic}_Schd1_W500,Reach based figures are using Poisson adjustment.
total,Adults 15-34 (16),All Adults (1),3,23397.3914777226,9118.3210348467,14279.0704428759,142.8390378519,9137.6885530993,4324.6821011383,7834.946067355,2.5605372017,green,5000,0,4629645,72454,5912,5004,,{R51_BusStatic}_Schd1_W5000,
grouping,Adults 15-34 (16),All Adults (1),3,23397.3914777226,9118.3210348467,14279.0704428759,142.8390378519,9137.6885530993,4324.6821011383,7834.946067355,2.5605372017,green,5000,0,4629645,72454,5912,5004,3,{R51_BusStatic}_Schd1_W5000,
total,Adults 15-34 (16),All Adults (1),3,285.4588132515,136.3642508365,149.094562415,1.7427012011,140.3592873484,80.9555926788,73.7010210869,2.033772176,green,100,100,160040,75230,5843,231,,{R51_MotorwayServiceStationDigital}_Schd1_W100,
grouping,Adults 15-34 (16),All Adults (1),3,285.4588132515,136.3642508365,149.094562415,1.7427012011,140.3592873484,80.9555926788,73.7010210869,2.033772176,green,100,100,160040,75230,5843,231,18,{R51_MotorwayServiceStationDigital}_Schd1_W100,
total,Adults 15-34 (16),All Adults (1),3,1533.5900280127,658.8666243386,874.7234036741,9.3624335973,383.5050363773,221.2326830049,220.6541677673,3.9988784567,green,500,500,882138,446901,5912,321,,{R51_MotorwayServiceStationDigital}_Schd1_W500,
grouping,Adults 15-34 (16),All Adults (1),3,1533.5900280127,658.8666243386,874.7234036741,9.3624335973,383.5050363773,221.2326830049,220.6541677673,3.9988784567,green,500,500,882138,446901,5912,321,18,{R51_MotorwayServiceStationDigital}_Schd1_W500,
total,Adults 15-34 (16),All Adults (1),3,914.8621718871,395.9253557515,518.9368161356,5.5851539059,203.5496031243,106.3611241507,121.3992595469,4.4945416638,green,100,0,119265,46610,5769,208,,{R51_MotorwayServiceStationStatic}_Schd1_W100,
grouping,Adults 15-34 (16),All Adults (1),3,914.8621718871,395.9253557515,518.9368161356,5.5851539059,203.5496031243,106.3611241507,121.3992595469,4.4945416638,green,100,0,119265,46610,5769,208,18,{R51_MotorwayServiceStationStatic}_Schd1_W100,
total,Adults 15-34 (16),All Adults (1),3,4777.3206074797,1736.2752477264,3041.0453597533,29.165126366,487.670911092,263.2882857662,314.3600605092,9.7961975972,green,500,0,607846,251105,5911,315,,{R51_MotorwayServiceStationStatic}_Schd1_W500,
grouping,Adults 15-34 (16),All Adults (1),3,4777.3206074797,1736.2752477264,3041.0453597533,29.165126366,487.670911092,263.2882857662,314.3600605092,9.7961975972,green,500,0,607846,251105,5911,315,18,{R51_MotorwayServiceStationStatic}_Schd1_W500,
total,Adults 15-34 (16),All Adults (1),3,2426.3382723306,2426.3382723306,0,14.8125839008,856.2292599634,856.2292599634,0,2.833748373,green,100,100,195675,60977,4663,1018,,{R51_RailStationDigital}_Schd1_W100,
grouping,Adults 15-34 (16),All Adults (1),3,2426.3382723306,2426.3382723306,0,14.8125839008,856.2292599634,856.2292599634,0,2.833748373,green,100,100,195675,60977,4663,1018,11,{R51_RailStationDigital}_Schd1_W100,
total,Adults 15-34 (16),All Adults (1),3,26008.8377336226,26008.8377336226,0,158.7816898757,1748.449281967,1748.449281967,0,14.8753744257,green,1000,1000,1735215,599991,5874,1187,,{R51_RailStationDigital}_Schd1_W1000,
grouping,Adults 15-34 (16),All Adults (1),3,26008.8377336226,26008.8377336226,0,158.7816898757,1748.449281967,1748.449281967,0,14.8753744257,green,1000,1000,1735215,599991,5874,1187,11,{R51_RailStationDigital}_Schd1_W1000,
total,Adults 15-34 (16),All Adults (1),3,13214.4603707575,13214.4603707575,0,80.6731300319,1588.598174371,1588.598174371,0,8.318315219,green,500,500,905739,303980,5713,1150,,{R51_RailStationDigital}_Schd1_W500,
grouping,Adults 15-34 (16),All Adults (1),3,13214.4603707575,13214.4603707575,0,80.6731300319,1588.598174371,1588.598174371,0,8.318315219,green,500,500,905739,303980,5713,1150,11,{R51_RailStationDigital}_Schd1_W500,
total,Adults 15-34 (16),All Adults (1),3,1907.821647593,1907.821647593,0,11.647085052,793.524921396,793.524921396,0,2.4042365856,green,100,0,101011,40253,5099,1033,,{R51_RailStationStatic}_Schd1_W100,
grouping,Adults 15-34 (16),All Adults (1),3,1907.821647593,1907.821647593,0,11.647085052,793.524921396,793.524921396,0,2.4042365856,green,100,0,101011,40253,5099,1033,11,{R51_RailStationStatic}_Schd1_W100,
total,Adults 15-34 (16),All Adults (1),3,16582.1878914901,16582.1878914901,0,101.2328133311,1796.4557033935,1796.4557033935,0,9.2305019601,green,1000,0,945951,400895,5902,1198,,{R51_RailStationStatic}_Schd1_W1000,
grouping,Adults 15-34 (16),All Adults (1),3,16582.1878914901,16582.1878914901,0,101.2328133311,1796.4557033935,1796.4557033935,0,9.2305019601,green,1000,0,945951,400895,5902,1198,11,{R51_RailStationStatic}_Schd1_W1000,
total,Adults 15-34 (16),All Adults (1),3,37201.5476886214,37201.5476886214,0,227.1122096454,2027.1433905743,2027.1433905743,0,18.3517100278,green,2000,0,1994385,827028,5909,1223,,{R51_RailStationStatic}_Schd1_W2000,
grouping,Adults 15-34 (16),All Adults (1),3,37201.5476886214,37201.5476886214,0,227.1122096454,2027.1433905743,2027.1433905743,0,18.3517100278,green,2000,0,1994385,827028,5909,1223,11,{R51_RailStationStatic}_Schd1_W2000,
total,Adults 15-34 (16),All Adults (1),3,10052.6553886644,10052.6553886644,0,61.3705859023,1546.763569672,1546.763569672,0,6.4991544834,green,500,0,553758,211215,5832,1163,,{R51_RailStationStatic}_Schd1_W500,
grouping,Adults 15-34 (16),All Adults (1),3,10052.6553886644,10052.6553886644,0,61.3705859023,1546.763569672,1546.763569672,0,6.4991544834,green,500,0,553758,211215,5832,1163,11,{R51_RailStationStatic}_Schd1_W500,
total,Adults 15-34 (16),All Adults (1),3,93066.042008548,93066.042008548,0,568.1600835649,2140.4326077166,2140.4326077166,0,43.4800150554,green,5000,0,4989823,2060685,5912,1239,,{R51_RailStationStatic}_Schd1_W5000,
grouping,Adults 15-34 (16),All Adults (1),3,93066.042008548,93066.042008548,0,568.1600835649,2140.4326077166,2140.4326077166,0,43.4800150554,green,5000,0,4989823,2060685,5912,1239,11,{R51_RailStationStatic}_Schd1_W5000,
total,Adults 15-34 (16),All Adults (1),3,862.0735204344,361.8955538451,500.1779665894,5.2628837849,699.8146369126,345.4930182747,385.710412212,1.2318598025,green,100,100,177487,64256,5864,2704,,{R51_RoadsideDigital}_Schd1_W100,
grouping,Adults 15-34 (16),All Adults (1),3,862.0735204344,361.8955538451,500.1779665894,5.2628837849,699.8146369126,345.4930182747,385.710412212,1.2318598025,green,100,100,177487,64256,5864,2704,1,{R51_RoadsideDigital}_Schd1_W100,
total,Adults 15-34 (16),All Adults (1),3,9088.4102658235,3452.1493169574,5636.2609488661,55.4839533804,4719.9562999201,2373.3136893572,3061.5821856025,1.925528477,green,1000,1000,1697535,603363,5912,4734,,{R51_RoadsideDigital}_Schd1_W1000,
grouping,Adults 15-34 (16),All Adults (1),3,9088.4102658235,3452.1493169574,5636.2609488661,55.4839533804,4719.9562999201,2373.3136893572,3061.5821856025,1.925528477,green,1000,1000,1697535,603363,5912,4734,1,{R51_RoadsideDigital}_Schd1_W1000,
total,Adults 15-34 (16),All Adults (1),3,19829.7158538521,7022.9015374189,12806.8143164332,121.0586887917,6732.2557732519,3630.221137781,4732.4032753801,2.9454786808,green,2000,2000,3413398,1210732,5912,5039,,{R51_RoadsideDigital}_Schd1_W2000,
grouping,Adults 15-34 (16),All Adults (1),3,19829.7158538521,7022.9015374189,12806.8143164332,121.0586887917,6732.2557732519,3630.221137781,4732.4032753801,2.9454786808,green,2000,2000,3413398,1210732,5912,5039,1,{R51_RoadsideDigital}_Schd1_W2000,
total,Adults 15-34 (16),All Adults (1),3,4253.696888538,1583.8321769505,2669.8647115875,25.9684491517,2821.453202448,1369.2265143753,1724.569549176,1.507626242,green,500,500,838462,291208,5912,4266,,{R51_RoadsideDigital}_Schd1_W500,
grouping,Adults 15-34 (16),All Adults (1),3,4253.696888538,1583.8321769505,2669.8647115875,25.9684491517,2821.453202448,1369.2265143753,1724.569549176,1.507626242,green,500,500,838462,291208,5912,4266,1,{R51_RoadsideDigital}_Schd1_W500,
total,Adults 15-34 (16),All Adults (1),3,47987.1009055924,17197.0995659036,30790.0013396887,292.9570729789,9375.3673436301,5472.7064809564,7124.7288240625,5.1184235398,green,5000,5000,8522333,3020872,5912,5313,,{R51_RoadsideDigital}_Schd1_W5000,
grouping,Adults 15-34 (16),All Adults (1),3,47987.1009055924,17197.0995659036,30790.0013396887,292.9570729789,9375.3673436301,5472.7064809564,7124.7288240625,5.1184235398,green,5000,5000,8522333,3020872,5912,5313,1,{R51_RoadsideDigital}_Schd1_W5000,
total,Adults 15-34 (16),All Adults (1),3,1334.0433199568,277.6638384597,1056.3794814971,8.1442183184,780.6611551668,208.2130070979,604.8384859009,1.7088634565,green,100,0,140487,42104,5859,2429,,{R51_RoadsideStatic}_Schd1_W100,
grouping,Adults 15-34 (16),All Adults (1),3,1334.0433199568,277.6638384597,1056.3794814971,8.1442183184,780.6611551668,208.2130070979,604.8384859009,1.7088634565,green,100,0,140487,42104,5859,2429,1,{R51_RoadsideStatic}_Schd1_W100,
total,Adults 15-34 (16),All Adults (1),3,13512.6582085555,3083.4811854267,10429.1770231288,82.4936018688,5411.2667083475,1818.5397671783,4420.1960019348,2.4971340237,green,1000,0,1379700,422331,5912,4810,,{R51_RoadsideStatic}_Schd1_W1000,
grouping,Adults 15-34 (16),All Adults (1),3,13512.6582085555,3083.4811854267,10429.1770231288,82.4936018688,5411.2667083475,1818.5397671783,4420.1960019348,2.4971340237,green,1000,0,1379700,422331,5912,4810,1,{R51_RoadsideStatic}_Schd1_W1000,
total,Adults 15-34 (16),All Adults (1),3,26307.3366198611,6005.001574021,20302.33504584,160.6039995871,8040.844722832,3144.1165712477,6738.3277539588,3.2717130509,green,2000,0,2738555,843892,5912,5180,,{R51_RoadsideStatic}_Schd1_W2000,
grouping,Adults 15-34 (16),All Adults (1),3,26307.3366198611,6005.001574021,20302.33504584,160.6039995871,8040.844722832,3144.1165712477,6738.3277539588,3.2717130509,green,2000,0,2738555,843892,5912,5180,1,{R51_RoadsideStatic}_Schd1_W2000,
total,Adults 15-34 (16),All Adults (1),3,7144.6131327137,1564.1587320665,5580.4544006471,43.6172411216,3304.6611924158,974.8795608115,2652.9746168148,2.1619805229,green,500,0,693636,211691,5912,4278,,{R51_RoadsideStatic}_Schd1_W500,
grouping,Adults 15-34 (16),All Adults (1),3,7144.6131327137,1564.1587320665,5580.4544006471,43.6172411216,3304.6611924158,974.8795608115,2652.9746168148,2.1619805229,green,500,0,693636,211691,5912,4278,1,{R51_RoadsideStatic}_Schd1_W500,
total,Adults 15-34 (16),All Adults (1),3,67433.5154138889,15834.6293381024,51598.8860757865,411.6757404286,11368.6883853071,5510.1735340021,9979.5874119975,5.9315123371,green,5000,0,6881384,2090913,5912,5426,,{R51_RoadsideStatic}_Schd1_W5000,
grouping,Adults 15-34 (16),All Adults (1),3,67433.5154138889,15834.6293381024,51598.8860757865,411.6757404286,11368.6883853071,5510.1735340021,9979.5874119975,5.9315123371,green,5000,0,6881384,2090913,5912,5426,1,{R51_RoadsideStatic}_Schd1_W5000,
total,Adults 15-34 (16),All Adults (1),3,3831.4403787303,3831.4403787303,0,23.3906099236,765.0770336738,765.0770336738,0,5.0079145107,green,100,100,519656,451647,4267,884,,{R51_ShoppingCentreInteriorDigital}_Schd1_W100,
grouping,Adults 15-34 (16),All Adults (1),3,3831.4403787303,3831.4403787303,0,23.3906099236,765.0770336738,765.0770336738,0,5.0079145107,green,100,100,519656,451647,4267,884,7,{R51_ShoppingCentreInteriorDigital}_Schd1_W100,
total,Adults 15-34 (16),All Adults (1),3,40250.1790537773,40250.1790537773,0,245.7238386972,1702.6226824434,1702.6226824434,0,23.6401050384,green,1000,1000,5337748,4561025,5576,1063,,{R51_ShoppingCentreInteriorDigital}_Schd1_W1000,
grouping,Adults 15-34 (16),All Adults (1),3,40250.1790537773,40250.1790537773,0,245.7238386972,1702.6226824434,1702.6226824434,0,23.6401050384,green,1000,1000,5337748,4561025,5576,1063,7,{R51_ShoppingCentreInteriorDigital}_Schd1_W1000,
total,Adults 15-34 (16),All Adults (1),3,21383.7712613207,21383.7712613207,0,130.5460617488,1503.0676044891,1503.0676044891,0,14.226752807,green,500,500,2736315,2337168,5316,1031,,{R51_ShoppingCentreInteriorDigital}_Schd1_W500,
grouping,Adults 15-34 (16),All Adults (1),3,21383.7712613207,21383.7712613207,0,130.5460617488,1503.0676044891,1503.0676044891,0,14.226752807,green,500,500,2736315,2337168,5316,1031,7,{R51_ShoppingCentreInteriorDigital}_Schd1_W500,
total,Adults 15-34 (16),All Adults (1),3,7531.2641284468,7531.2641284468,0,45.9777117864,739.0218324307,739.0218324307,0,10.190854719,green,100,0,693450,616109,3986,771,,{R51_ShoppingCentreInteriorStatic}_Schd1_W100,
grouping,Adults 15-34 (16),All Adults (1),3,7531.2641284468,7531.2641284468,0,45.9777117864,739.0218324307,739.0218324307,0,10.190854719,green,100,0,693450,616109,3986,771,7,{R51_ShoppingCentreInteriorStatic}_Schd1_W100,
total,Adults 15-34 (16),All Adults (1),3,31560.7566184682,31560.7566184682,0,192.6756712838,1265.8825745701,1265.8825745701,0,24.9318201012,green,500,0,3066330,2705971,5261,924,,{R51_ShoppingCentreInteriorStatic}_Schd1_W500,
grouping,Adults 15-34 (16),All Adults (1),3,31560.7566184682,31560.7566184682,0,192.6756712838,1265.8825745701,1265.8825745701,0,24.9318201012,green,500,0,3066330,2705971,5261,924,7,{R51_ShoppingCentreInteriorStatic}_Schd1_W500,
total,Adults 15-34 (16),All Adults (1),3,611.6310045115,388.9144967448,222.7165077667,3.7339540302,217.8454495095,138.8816757466,99.1641852158,2.8076372763,green,100,100,326438,204074,5857,351,,{R51_SupermarketExteriorDigital}_Schd1_W100,
grouping,Adults 15-34 (16),All Adults (1),3,611.6310045115,388.9144967448,222.7165077667,3.7339540302,217.8454495095,138.8816757466,99.1641852158,2.8076372763,green,100,100,326438,204074,5857,351,20,{R51_SupermarketExteriorDigital}_Schd1_W100,
total,Adults 15-34 (16),All Adults (1),3,2908.9931807714,1753.5726745374,1155.420506234,17.7591500939,960.7370508732,618.4296544098,450.8778473024,3.0278765435,green,500,500,1511080,913838,5911,1234,,{R51_SupermarketExteriorDigital}_Schd1_W500,
grouping,Adults 15-34 (16),All Adults (1),3,2908.9931807714,1753.5726745374,1155.420506234,17.7591500939,960.7370508732,618.4296544098,450.8778473024,3.0278765435,green,500,500,1511080,913838,5911,1234,20,{R51_SupermarketExteriorDigital}_Schd1_W500,
total,Adults 15-34 (16),All Adults (1),3,1883.6290312076,1142.7175024255,740.9115287822,11.4993912353,176.8866679359,104.1865464324,91.0591604566,10.6487902858,green,100,0,199411,93593,5842,207,,{R51_SupermarketExteriorStatic}_Schd1_W100-170641,
grouping,Adults 15-34 (16),All Adults (1),3,1883.6290312076,1142.7175024255,740.9115287822,11.4993912353,176.8866679359,104.1865464324,91.0591604566,10.6487902858,green,100,0,199411,93593,5842,207,20,{R51_SupermarketExteriorStatic}_Schd1_W100-170641,
total,Adults 15-34 (16),All Adults (1),3,547.6484669765,208.8669016434,338.781565333,3.3433462093,269.022903487,157.0267521208,123.0868718456,2.0356945817,green,100,0,108268,32603,4968,1782,,{R51_TaxiStatic}_Schd1_W100,
grouping,Adults 15-34 (16),All Adults (1),3,547.6484669765,208.8669016434,338.781565333,3.3433462093,269.022903487,157.0267521208,123.0868718456,2.0356945817,green,100,0,108268,32603,4968,1782,2,{R51_TaxiStatic}_Schd1_W100,
total,Adults 15-34 (16),All Adults (1),3,5928.3668450437,2160.3443732048,3768.0224718389,36.1921634292,1643.2137988351,1085.5989265619,861.5798340687,3.6077878906,green,1000,0,1083612,322607,5851,2766,,{R51_TaxiStatic}_Schd1_W1000,
grouping,Adults 15-34 (16),All Adults (1),3,5928.3668450437,2160.3443732048,3768.0224718389,36.1921634292,1643.2137988351,1085.5989265619,861.5798340687,3.6077878906,green,1000,0,1083612,322607,5851,2766,2,{R51_TaxiStatic}_Schd1_W1000,
total,Adults 15-34 (16),All Adults (1),3,11759.1866199978,4316.0034048546,7443.1832151432,71.7888104886,2299.0754137402,1592.9019546364,1269.4724839243,5.1147459321,green,2000,0,2167569,648155,5897,2894,,{R51_TaxiStatic}_Schd1_W2000,
grouping,Adults 15-34 (16),All Adults (1),3,11759.1866199978,4316.0034048546,7443.1832151432,71.7888104886,2299.0754137402,1592.9019546364,1269.4724839243,5.1147459321,green,2000,0,2167569,648155,5897,2894,2,{R51_TaxiStatic}_Schd1_W2000,
total,Adults 15-34 (16),All Adults (1),3,2988.9410767163,1075.6189063447,1913.3221703716,18.2472250379,1075.2012386437,665.2288588718,547.8640217725,2.779889912,green,500,0,542768,162814,5713,2568,,{R51_TaxiStatic}_Schd1_W500,
grouping,Adults 15-34 (16),All Adults (1),3,2988.9410767163,1075.6189063447,1913.3221703716,18.2472250379,1075.2012386437,665.2288588718,547.8640217725,2.779889912,green,500,0,542768,162814,5713,2568,2,{R51_TaxiStatic}_Schd1_W500,
total,Adults 15-34 (16),All Adults (1),3,29456.2434926379,10790.6569734617,18665.5865191762,179.8278018823,3467.3238470551,2493.6484148566,2112.8059997564,8.4953828347,green,5000,0,5414415,1613822,5912,2991,,{R51_TaxiStatic}_Schd1_W5000,
grouping,Adults 15-34 (16),All Adults (1),3,29456.2434926379,10790.6569734617,18665.5865191762,179.8278018823,3467.3238470551,2493.6484148566,2112.8059997564,8.4953828347,green,5000,0,5414415,1613822,5912,2991,2,{R51_TaxiStatic}_Schd1_W5000,
total,Adults 15-34 (16),All Adults (1),3,15.7269155775,15.7269155775,0,0.0960114503,15.7193681733,38.252917122,0,1.0004801341,green,100,0,34750,2713,4019,490,,{R51_TrainCarriageInteriorStatic}_Schd1_W100,Reach based figures are using Poisson adjustment.
grouping,Adults 15-34 (16),All Adults (1),3,15.7269155775,15.7269155775,0,0.0960114503,15.7193681733,38.252917122,0,1.0004801341,green,100,0,34750,2713,4019,490,13,{R51_TrainCarriageInteriorStatic}_Schd1_W100,Reach based figures are using Poisson adjustment.
total,Adults 15-34 (16),All Adults (1),3,165.7980264224,165.7980264224,0,1.0121825159,164.9617609939,269.603121574,0,1.0050694502,green,1000,0,342529,28199,5691,692,,{R51_TrainCarriageInteriorStatic}_Schd1_W1000,Reach based figures are using Poisson adjustment.
grouping,Adults 15-34 (16),All Adults (1),3,165.7980264224,165.7980264224,0,1.0121825159,164.9617609939,269.603121574,0,1.0050694502,green,1000,0,342529,28199,5691,692,13,{R51_TrainCarriageInteriorStatic}_Schd1_W1000,Reach based figures are using Poisson adjustment.
total,Adults 15-34 (16),All Adults (1),3,337.6842872273,337.6842872273,0,2.0615331727,334.2273465079,430.2709905453,0,1.0103430816,green,2000,0,683817,57308,5786,705,,{R51_TrainCarriageInteriorStatic}_Schd1_W2000,Reach based figures are using Poisson adjustment.
grouping,Adults 15-34 (16),All Adults (1),3,337.6842872273,337.6842872273,0,2.0615331727,334.2273465079,430.2709905453,0,1.0103430816,green,2000,0,683817,57308,5786,705,13,{R51_TrainCarriageInteriorStatic}_Schd1_W2000,Reach based figures are using Poisson adjustment.
total,Adults 15-34 (16),All Adults (1),3,83.5035038475,83.5035038475,0,0.5097816207,83.2910223072,132.3695834627,0,1.0025510737,green,500,0,171047,14784,5307,643,,{R51_TrainCarriageInteriorStatic}_Schd1_W500,Reach based figures are using Poisson adjustment.
grouping,Adults 15-34 (16),All Adults (1),3,83.5035038475,83.5035038475,0,0.5097816207,83.2910223072,132.3695834627,0,1.0025510737,green,500,0,171047,14784,5307,643,13,{R51_TrainCarriageInteriorStatic}_Schd1_W500,Reach based figures are using Poisson adjustment.
total,Adults 15-34 (16),All Adults (1),3,832.1823968052,832.1823968052,0,5.0804010776,794.0170286709,794.0170286709,0,1.0480661834,green,5000,0,1710988,142947,5896,716,,{R51_TrainCarriageInteriorStatic}_Schd1_W5000,
grouping,Adults 15-34 (16),All Adults (1),3,832.1823968052,832.1823968052,0,5.0804010776,794.0170286709,794.0170286709,0,1.0480661834,green,5000,0,1710988,142947,5896,716,13,{R51_TrainCarriageInteriorStatic}_Schd1_W5000,
total,Adults 15-34 (16),All Adults (1),3,168.4642693191,168.4642693191,0,1.0284596967,89.3158838946,89.3158838946,0,1.8861624828,green,100,0,55741,8179,3116,121,,{R51_TramLRCarriageInteriorStatic}_Schd1_W100,
grouping,Adults 15-34 (16),All Adults (1),3,168.4642693191,168.4642693191,0,1.0284596967,89.3158838946,89.3158838946,0,1.8861624828,green,100,0,55741,8179,3116,121,17,{R51_TramLRCarriageInteriorStatic}_Schd1_W100,
total,Adults 15-34 (16),All Adults (1),3,1685.2427059165,1685.2427059165,0,10.2882599921,174.4896431315,174.4896431315,0,9.6581245492,green,1000,0,554617,80601,5130,121,,{R51_TramLRCarriageInteriorStatic}_Schd1_W1000,
grouping,Adults 15-34 (16),All Adults (1),3,1685.2427059165,1685.2427059165,0,10.2882599921,174.4896431315,174.4896431315,0,9.6581245492,green,1000,0,554617,80601,5130,121,17,{R51_TramLRCarriageInteriorStatic}_Schd1_W1000,
total,Adults 15-34 (16),All Adults (1),3,3318.1754297883,3318.1754297883,0,20.2571720983,181.3808896679,181.3808896679,0,18.2939638011,green,2000,0,1110056,162092,5480,121,,{R51_TramLRCarriageInteriorStatic}_Schd1_W2000,
grouping,Adults 15-34 (16),All Adults (1),3,3318.1754297883,3318.1754297883,0,20.2571720983,181.3808896679,181.3808896679,0,18.2939638011,green,2000,0,1110056,162092,5480,121,17,{R51_TramLRCarriageInteriorStatic}_Schd1_W2000,
total,Adults 15-34 (16),All Adults (1),3,841.3197234001,841.3197234001,0,5.1361836609,160.4341980171,160.4341980171,0,5.2440173841,green,500,0,278068,40468,4549,121,,{R51_TramLRCarriageInteriorStatic}_Schd1_W500,
grouping,Adults 15-34 (16),All Adults (1),3,841.3197234001,841.3197234001,0,5.1361836609,160.4341980171,160.4341980171,0,5.2440173841,green,500,0,278068,40468,4549,121,17,{R51_TramLRCarriageInteriorStatic}_Schd1_W500,
total,Adults 15-34 (16),All Adults (1),3,8495.5008671137,8495.5008671137,0,51.8642931236,182.1633147142,182.1633147142,0,46.6367274906,green,5000,0,2770017,403182,5650,121,,{R51_TramLRCarriageInteriorStatic}_Schd1_W5000,
grouping,Adults 15-34 (16),All Adults (1),3,8495.5008671137,8495.5008671137,0,51.8642931236,182.1633147142,182.1633147142,0,46.6367274906,green,5000,0,2770017,403182,5650,121,17,{R51_TramLRCarriageInteriorStatic}_Schd1_W5000,
total,Adults 15-34 (16),All Adults (1),3,97.5131272834,97.5131272834,0,0.595309152,92.2588833723,92.2588833723,0,1.0569510894,green,100,0,54161,3820,3717,652,,{R51_TubeCarriageInteriorStatic}_Schd1_W100,
grouping,Adults 15-34 (16),All Adults (1),3,97.5131272834,97.5131272834,0,0.595309152,92.2588833723,92.2588833723,0,1.0569510894,green,100,0,54161,3820,3717,652,14,{R51_TubeCarriageInteriorStatic}_Schd1_W100,
total,Adults 15-34 (16),All Adults (1),3,918.7326990037,918.7326990037,0,5.6087831369,532.6145827875,532.6145827875,0,1.72494845,green,1000,0,540873,35087,5678,796,,{R51_TubeCarriageInteriorStatic}_Schd1_W1000,
grouping,Adults 15-34 (16),All Adults (1),3,918.7326990037,918.7326990037,0,5.6087831369,532.6145827875,532.6145827875,0,1.72494845,green,1000,0,540873,35087,5678,796,14,{R51_TubeCarriageInteriorStatic}_Schd1_W1000,
total,Adults 15-34 (16),All Adults (1),3,1831.3961840354,1831.3961840354,0,11.180514251,784.5471444005,784.5471444005,0,2.3343354152,green,2000,0,1081058,70114,5826,799,,{R51_TubeCarriageInteriorStatic}_Schd1_W2000,
grouping,Adults 15-34 (16),All Adults (1),3,1831.3961840354,1831.3961840354,0,11.180514251,784.5471444005,784.5471444005,0,2.3343354152,green,2000,0,1081058,70114,5826,799,14,{R51_TubeCarriageInteriorStatic}_Schd1_W2000,
total,Adults 15-34 (16),All Adults (1),3,461.3283196514,461.3283196514,0,2.8163692254,335.1204128927,335.1204128927,0,1.3766046528,green,500,0,271053,17416,5297,781,,{R51_TubeCarriageInteriorStatic}_Schd1_W500,
grouping,Adults 15-34 (16),All Adults (1),3,461.3283196514,461.3283196514,0,2.8163692254,335.1204128927,335.1204128927,0,1.3766046528,green,500,0,271053,17416,5297,781,14,{R51_TubeCarriageInteriorStatic}_Schd1_W500,
total,Adults 15-34 (16),All Adults (1),3,4615.4334035514,4615.4334035514,0,28.1768190809,1071.6039288048,1071.6039288048,0,4.3070329247,green,5000,0,2704283,176724,5895,799,,{R51_TubeCarriageInteriorStatic}_Schd1_W5000,
grouping,Adults 15-34 (16),All Adults (1),3,4615.4334035514,4615.4334035514,0,28.1768190809,1071.6039288048,1071.6039288048,0,4.3070329247,green,5000,0,2704283,176724,5895,799,14,{R51_TubeCarriageInteriorStatic}_Schd1_W5000,
total,Adults 15-34 (16),All Adults (1),3,537.5851198005,537.5851198005,0,3.2819103509,26.1081698981,26.1081698981,0,20.5906856704,green,100,100,62450,14753,755,20,,{R51_UndergroundStation-GlasgowDigital}_Schd1_W100-170707,
grouping,Adults 15-34 (16),All Adults (1),3,537.5851198005,537.5851198005,0,3.2819103509,26.1081698981,26.1081698981,0,20.5906856704,green,100,100,62450,14753,755,20,12,{R51_UndergroundStation-GlasgowDigital}_Schd1_W100-170707,
total,Adults 15-34 (16),All Adults (1),3,737.2344109207,737.2344109207,0,4.5007518905,27.3310884475,27.3310884475,0,26.9742060341,green,100,0,49181,9384,842,20,,{R51_UndergroundStation-GlasgowStatic}_Schd1_W100,
grouping,Adults 15-34 (16),All Adults (1),3,737.2344109207,737.2344109207,0,4.5007518905,27.3310884475,27.3310884475,0,26.9742060341,green,100,0,49181,9384,842,20,12,{R51_UndergroundStation-GlasgowStatic}_Schd1_W100,
total,Adults 15-34 (16),All Adults (1),3,4337.2270419679,4337.2270419679,0,26.4783934658,26.6440777823,26.6440777823,0,162.7839055794,green,500,0,249557,51307,1362,20,,{R51_UndergroundStation-GlasgowStatic}_Schd1_W500,
grouping,Adults 15-34 (16),All Adults (1),3,4337.2270419679,4337.2270419679,0,26.4783934658,26.6440777823,26.6440777823,0,162.7839055794,green,500,0,249557,51307,1362,20,12,{R51_UndergroundStation-GlasgowStatic}_Schd1_W500,
total,Adults 15-34 (16),All Adults (1),3,2406.9254457115,2406.9254457115,0,14.6940702845,790.1861304184,790.1861304184,0,3.0460234027,green,83,83,195156,69381,2861,769,,{R51_UndergroundStation-LondonDigital}_Schd1_W100,
grouping,Adults 15-34 (16),All Adults (1),3,2406.9254457115,2406.9254457115,0,14.6940702845,790.1861304184,790.1861304184,0,3.0460234027,green,83,83,195156,69381,2861,769,12,{R51_UndergroundStation-LondonDigital}_Schd1_W100,
total,Adults 15-34 (16),All Adults (1),3,18672.700007092,18672.700007092,0,113.9952077841,1228.580393013,1228.580393013,0,15.1985984094,green,753,753,1766430,614194,4488,807,,{R51_UndergroundStation-LondonDigital}_Schd1_W1000,
grouping,Adults 15-34 (16),All Adults (1),3,18672.700007092,18672.700007092,0,113.9952077841,1228.580393013,1228.580393013,0,15.1985984094,green,753,753,1766430,614194,4488,807,12,{R51_UndergroundStation-LondonDigital}_Schd1_W1000,
total,Adults 15-34 (16),All Adults (1),3,32839.4813792258,32839.4813792258,0,200.4821746146,1296.5564621353,1296.5564621353,0,25.3282308471,green,1502,1502,3420008,1177131,5088,813,,{R51_UndergroundStation-LondonDigital}_Schd1_W2000,
grouping,Adults 15-34 (16),All Adults (1),3,32839.4813792258,32839.4813792258,0,200.4821746146,1296.5564621353,1296.5564621353,0,25.3282308471,green,1502,1502,3420008,1177131,5088,813,12,{R51_UndergroundStation-LondonDigital}_Schd1_W2000,
total,Adults 15-34 (16),All Adults (1),3,7779.8749767753,7779.8749767753,0,47.4954593698,1078.9043922382,1078.9043922382,0,7.2109030538,green,360,360,804753,279301,3785,795,,{R51_UndergroundStation-LondonDigital}_Schd1_W500,
grouping,Adults 15-34 (16),All Adults (1),3,7779.8749767753,7779.8749767753,0,47.4954593698,1078.9043922382,1078.9043922382,0,7.2109030538,green,360,360,804753,279301,3785,795,12,{R51_UndergroundStation-LondonDigital}_Schd1_W500,
total,Adults 15-34 (16),All Adults (1),3,3220.4311633645,3220.4311633645,0,19.660451862,851.8680057299,851.8680057299,0,3.780434459,green,100,0,146008,64369,3033,781,,{R51_UndergroundStation-LondonStatic}_Schd1_W100,
grouping,Adults 15-34 (16),All Adults (1),3,3220.4311633645,3220.4311633645,0,19.660451862,851.8680057299,851.8680057299,0,3.780434459,green,100,0,146008,64369,3033,781,12,{R51_UndergroundStation-LondonStatic}_Schd1_W100,
total,Adults 15-34 (16),All Adults (1),3,34337.7146402132,34337.7146402132,0,209.6287582276,1400.4552182609,1400.4552182609,0,24.5189665421,green,995,0,1484120,672775,4967,821,,{R51_UndergroundStation-LondonStatic}_Schd1_W1000,
grouping,Adults 15-34 (16),All Adults (1),3,34337.7146402132,34337.7146402132,0,209.6287582276,1400.4552182609,1400.4552182609,0,24.5189665421,green,995,0,1484120,672775,4967,821,12,{R51_UndergroundStation-LondonStatic}_Schd1_W1000,
total,Adults 15-34 (16),All Adults (1),3,68718.4139511865,68718.4139511865,0,419.5199341277,1436.8641511748,1436.8641511748,0,47.8252685858,green,1986,0,2956940,1339853,5465,822,,{R51_UndergroundStation-LondonStatic}_Schd1_W2000,
grouping,Adults 15-34 (16),All Adults (1),3,68718.4139511865,68718.4139511865,0,419.5199341277,1436.8641511748,1436.8641511748,0,47.8252685858,green,1986,0,2956940,1339853,5465,822,12,{R51_UndergroundStation-LondonStatic}_Schd1_W2000,
total,Adults 15-34 (16),All Adults (1),3,15938.790646191,15938.790646191,0,97.3049291667,1315.5703320069,1315.5703320069,0,12.1154986992,green,496,0,722760,329609,4318,815,,{R51_UndergroundStation-LondonStatic}_Schd1_W500,
grouping,Adults 15-34 (16),All Adults (1),3,15938.790646191,15938.790646191,0,97.3049291667,1315.5703320069,1315.5703320069,0,12.1154986992,green,496,0,722760,329609,4318,815,12,{R51_UndergroundStation-LondonStatic}_Schd1_W500,
total,Adults 15-34 (16),All Adults (1),3,165493.2354656432,165493.2354656432,0,1010.3217936672,1466.9715659667,1466.9715659667,0,112.8128447102,green,4970,0,7315709,3303859,5761,824,,{R51_UndergroundStation-LondonStatic}_Schd1_W5000,
grouping,Adults 15-34 (16),All Adults (1),3,165493.2354656432,165493.2354656432,0,1010.3217936672,1466.9715659667,1466.9715659667,0,112.8128447102,green,4970,0,7315709,3303859,5761,824,12,{R51_UndergroundStation-LondonStatic}_Schd1_W5000,
